City_ID,City,Country,Lat,Lng,Max Temp,Humidity,Cloudiness,Wind Speed,Current Description
0,Rikitea,PF,-23.1203,-134.9692,78.3,79,100,18.97,overcast clouds
1,Bengkulu,ID,-3.8004,102.2655,75.11,91,92,4.03,light rain
2,Hilo,US,19.7297,-155.09,78.12,78,2,5.99,clear sky
3,Cape Town,ZA,-33.9258,18.4232,71.1,76,0,1.01,clear sky
4,Chicama,PE,-7.8447,-79.1469,70.34,67,46,7.27,scattered clouds
5,Ketchikan,US,55.3422,-131.6461,41.97,95,100,23.17,moderate rain
6,Nanortalik,GL,60.1432,-45.2371,19.17,78,100,34.85,overcast clouds
7,Sankt Georgen,HU,47.1425,16.5815,34.7,67,100,1.9,overcast clouds
8,Nampula,MZ,-15.1165,39.2666,71.55,94,75,10.36,light rain
9,Mar Del Plata,AR,-38.0023,-57.5575,78.01,36,0,5.99,clear sky
10,Vaini,TO,-21.2,-175.2,78.96,89,100,8.05,light intensity shower rain
11,Broken Hill,AU,-31.95,141.4333,83.91,30,0,9.22,clear sky
12,Ushuaia,AR,-54.8,-68.3,46.06,61,100,10.36,overcast clouds
13,Olafsvik,IS,64.8945,-23.7142,39.13,93,100,31.21,moderate rain
14,Bathsheba,BB,13.2167,-59.5167,77.61,69,75,19.57,broken clouds
15,Port Macquarie,AU,-31.4333,152.9167,79.9,70,37,9.17,scattered clouds
16,Kropotkin,RU,45.4375,40.5756,37.04,82,95,9.84,overcast clouds
17,Coquimbo,CL,-29.9533,-71.3436,67.73,63,0,13.8,clear sky
18,Punta Arenas,CL,-53.15,-70.9167,50.11,66,75,17.27,light rain
19,Starodub,RU,52.5844,32.7633,26.38,98,100,5.01,snow
20,Cabedelo,BR,-6.9811,-34.8339,81.27,73,31,11.72,scattered clouds
21,Thompson,CA,55.7435,-97.8558,-20.04,69,0,18.41,clear sky
22,Svetlyy,RU,54.675,20.1347,24.96,82,45,7.56,scattered clouds
23,Great Yarmouth,GB,52.6083,1.7305,39.94,87,100,7.02,overcast clouds
24,Barrow,US,71.2906,-156.7887,-18.38,76,20,4.61,haze
25,Shahrud,IR,36.4182,54.9763,33.51,55,0,2.19,clear sky
26,Atuona,PF,-9.8,-139.0333,78.89,72,14,17.52,few clouds
27,Saint Cloud,US,45.5608,-94.1625,1.98,61,72,7.0,broken clouds
28,Monte Alegre,BR,-2.0078,-54.0692,74.34,87,100,3.15,overcast clouds
29,Tasiilaq,GL,65.6145,-37.6368,32.22,73,100,49.86,overcast clouds
30,Fortuna,US,40.5982,-124.1573,65.93,55,0,1.01,clear sky
31,Bambous Virieux,MU,-20.3428,57.7575,77.22,100,40,4.61,light rain
32,Carnarvon,AU,-24.8667,113.6333,68.07,83,0,9.22,clear sky
33,Mataura,NZ,-46.1927,168.8643,65.48,57,68,1.41,broken clouds
34,Pevek,RU,69.7008,170.3133,-15.81,100,87,3.44,overcast clouds
35,Matay,EG,28.419,30.7792,50.92,46,5,7.58,clear sky
36,Severo-Kurilsk,RU,50.6789,156.125,29.79,85,84,10.78,broken clouds
37,Goderich,CA,43.7501,-81.7165,25.92,58,100,24.16,overcast clouds
38,San Patricio,US,28.017,-97.5169,75.07,51,94,16.82,overcast clouds
39,Inhambane,MZ,-23.865,35.3833,75.04,87,72,7.07,broken clouds
40,Monrovia,LR,6.3005,-10.7969,78.57,83,35,7.2,scattered clouds
41,Hermanus,ZA,-34.4187,19.2345,67.89,86,100,11.27,overcast clouds
42,Upernavik,GL,72.7868,-56.1549,0.36,98,100,11.56,overcast clouds
43,Nicoya,CR,10.1483,-85.452,87.35,51,14,9.71,few clouds
44,Maksi,IN,23.2667,76.15,51.57,80,0,6.98,clear sky
45,Qaqortoq,GL,60.7167,-46.0333,19.9,81,100,4.12,overcast clouds
46,Busselton,AU,-33.65,115.3333,61.05,69,78,11.3,broken clouds
47,Banjarmasin,ID,-3.3244,114.591,75.34,91,97,2.19,light rain
48,Mumford,GH,5.2618,-0.759,81.0,84,29,6.98,scattered clouds
49,Kruisfontein,ZA,-34.0033,24.7314,64.89,82,93,20.49,overcast clouds
50,Shaoguan,CN,24.8,113.5833,50.81,76,93,0.4,light rain
51,Ayan,RU,56.45,138.1667,-7.73,72,100,15.03,overcast clouds
52,Sao Felix Do Xingu,BR,-6.6447,-51.995,71.02,99,100,1.95,moderate rain
53,Arraial Do Cabo,BR,-22.9661,-42.0278,70.59,90,100,11.59,overcast clouds
54,Cullera,ES,39.1667,-0.25,64.4,60,66,13.0,broken clouds
55,Port Alfred,ZA,-33.5906,26.891,72.64,92,51,14.72,broken clouds
56,Yulara,AU,-25.2406,130.9889,91.47,14,15,13.31,few clouds
57,Saldanha,ZA,-33.0117,17.9442,65.23,91,68,5.03,broken clouds
58,Laguna,US,38.421,-121.4238,64.22,64,0,1.99,clear sky
59,Namibe,AO,-15.1961,12.1522,65.79,80,15,6.22,few clouds
60,Jalu,LY,29.0331,21.5482,51.53,52,0,12.66,clear sky
61,Palmer,US,42.1584,-72.3287,38.71,79,100,5.99,light rain
62,Jamestown,US,42.097,-79.2353,35.1,61,100,13.0,overcast clouds
63,Moshupa,BW,-24.7782,25.4155,72.46,47,96,7.34,overcast clouds
64,Norman Wells,CA,65.282,-126.8329,-33.84,99,81,3.31,broken clouds
65,Ilorin,NG,8.5,4.55,82.24,22,38,5.14,scattered clouds
66,Castro,BR,-24.7911,-50.0119,60.22,84,100,5.44,overcast clouds
67,Kisangani,CD,0.5167,25.2,73.74,88,100,2.17,overcast clouds
68,Sinnamary,GF,5.3833,-52.95,76.12,82,98,7.36,overcast clouds
69,Terney,RU,45.0503,136.6092,5.05,71,0,9.78,clear sky
70,Bairiki,KI,1.3292,172.9752,84.2,79,75,10.36,broken clouds
71,Gravdal,NO,68.1214,13.5031,27.55,77,25,6.89,scattered clouds
72,Albany,US,42.6001,-73.9662,38.8,91,100,1.01,overcast clouds
73,Methoni,GR,36.8197,21.7049,52.21,63,89,15.52,overcast clouds
74,Avarua,CK,-21.2078,-159.775,82.45,78,100,12.66,overcast clouds
75,Dikson,RU,73.5069,80.5464,-11.72,100,99,8.05,overcast clouds
76,Airai,TL,-8.9266,125.4092,65.19,82,51,0.43,broken clouds
77,Buin,CL,-33.7333,-70.75,81.05,42,94,8.28,overcast clouds
78,Saint-Philippe,RE,-21.3585,55.7679,78.39,84,73,8.19,broken clouds
79,Hasaki,JP,35.7333,140.8333,43.2,70,100,22.17,overcast clouds
80,Katobu,ID,-4.9408,122.5276,77.47,89,98,1.36,overcast clouds
81,Ambatofinandrahana,MG,-20.55,46.8,61.36,91,100,3.89,overcast clouds
82,Mitsamiouli,KM,-11.3847,43.2844,82.29,76,89,9.95,overcast clouds
83,Luderitz,NA,-26.6481,15.1594,62.73,95,4,4.9,clear sky
84,Rio Grande,BR,-32.035,-52.0986,72.95,75,0,17.94,clear sky
85,Souillac,MU,-20.5167,57.5167,76.35,86,99,7.31,light rain
86,Fort Nelson,CA,58.8053,-122.7002,-20.61,76,100,0.0,heavy snow
87,Kaitangata,NZ,-46.2817,169.8464,64.36,72,86,4.79,overcast clouds
88,Cherskiy,RU,68.75,161.3,-16.19,98,100,0.83,overcast clouds
89,Portland,US,45.5234,-122.6762,54.54,60,0,10.0,clear sky
90,Bluff,NZ,-46.6,168.3333,66.79,83,91,4.52,overcast clouds
91,Ahipara,NZ,-35.1667,173.1667,74.3,61,100,4.72,overcast clouds
92,Uaua,BR,-9.8414,-39.4817,81.55,48,100,7.31,heavy intensity rain
93,Taseyevo,RU,57.2169,94.8978,24.84,88,100,12.33,overcast clouds
94,Provideniya,RU,64.3833,-173.3,8.71,66,0,15.66,clear sky
95,The Valley,AI,18.217,-63.0578,78.66,78,40,12.66,scattered clouds
96,Husavik,IS,66.0449,-17.3389,38.95,85,100,28.86,overcast clouds
97,Chuy,UY,-33.6971,-53.4616,70.84,75,0,14.88,clear sky
98,Almeirim,BR,-1.5233,-52.5817,73.83,97,98,2.13,overcast clouds
99,Torbay,CA,47.6666,-52.7314,28.76,80,25,1.99,scattered clouds
100,Hobart,AU,-42.8794,147.3294,63.01,85,75,1.01,light intensity drizzle
101,Edinburg,GB,55.9521,-3.1965,41.38,95,100,1.14,overcast clouds
102,Korla,CN,41.7597,86.1469,23.63,65,100,4.63,overcast clouds
103,Khatanga,RU,71.9667,102.5,-12.03,98,49,4.85,scattered clouds
104,Kapaa,US,22.0752,-159.319,80.47,62,0,1.99,clear sky
105,Bredasdorp,ZA,-34.5322,20.0403,71.28,72,100,8.7,overcast clouds
106,Nikolskoye,RU,59.7035,30.7861,24.69,99,94,1.81,snow
107,Haines Junction,CA,60.7522,-137.5108,-12.6,95,100,3.42,light snow
108,Burnie,AU,-41.0667,145.9167,64.31,88,91,4.94,overcast clouds
109,Half Moon Bay,US,37.4636,-122.4286,66.47,64,0,1.01,clear sky
110,Port Lavaca,US,28.615,-96.6261,69.98,72,80,16.33,broken clouds
111,Rock Hill,US,34.9249,-81.0251,64.04,79,100,8.05,overcast clouds
112,Cockburn Town,TC,21.4612,-71.1419,78.03,75,9,22.95,clear sky
113,Port Lincoln,AU,-34.7333,135.8667,79.99,48,65,10.71,broken clouds
114,Onda,ES,39.9667,-0.25,62.04,66,77,7.47,broken clouds
115,Tuktoyaktuk,CA,69.4541,-133.0374,-28.62,99,57,7.16,broken clouds
116,Nizhniy Tsasuchey,RU,50.5167,115.1333,-11.52,90,5,5.73,clear sky
117,Puerto Ayora,EC,-0.7393,-90.3518,74.01,82,83,8.25,broken clouds
118,Chokurdakh,RU,70.6333,147.9167,-26.88,97,12,8.21,few clouds
119,Takoradi,GH,4.8845,-1.7554,81.34,81,34,6.46,scattered clouds
120,Kodiak,US,57.79,-152.4072,29.59,66,100,16.2,overcast clouds
121,Mogadishu,SO,2.0371,45.3438,77.76,81,24,21.54,few clouds
122,Semnan,IR,35.5729,53.3971,38.16,46,0,1.23,clear sky
123,San Jeronimo,PE,-11.9472,-75.2829,56.34,71,52,4.14,broken clouds
124,Sobolevo,RU,54.4299,31.8996,21.9,96,100,6.93,light snow
125,Victoria,HK,22.2855,114.1577,64.26,84,52,1.99,broken clouds
126,Yellowknife,CA,62.456,-114.3525,-24.59,92,42,4.0,scattered clouds
127,Lewisville,US,33.0462,-96.9942,52.75,53,40,5.01,scattered clouds
128,Codrington,AU,-38.2667,141.9667,71.8,51,61,8.72,broken clouds
129,Korsakov,RU,46.6328,142.7813,-0.56,81,24,11.07,few clouds
130,Vostok,RU,46.4856,135.8833,-19.39,98,35,4.27,scattered clouds
131,Berdigestyakh,RU,62.0989,126.6992,-40.14,100,68,1.59,broken clouds
132,Sotnikovskoye,RU,45.0039,43.7772,38.48,87,100,12.41,overcast clouds
133,New Norfolk,AU,-42.7826,147.0587,62.65,77,100,1.99,overcast clouds
134,Butaritari,KI,3.0707,172.7902,81.52,77,99,14.18,overcast clouds
135,Port Elizabeth,ZA,-33.918,25.5701,67.1,94,75,16.11,broken clouds
136,Los Llanos De Aridane,ES,28.6585,-17.9182,64.15,49,0,13.0,clear sky
137,Clyde River,CA,70.4692,-68.5914,-5.57,84,100,27.63,light snow
138,Kisumu,KE,-0.1022,34.7617,67.8,57,84,5.68,broken clouds
139,Kampong Thum,KH,12.7111,104.8887,68.41,84,37,3.62,scattered clouds
140,Makakilo City,US,21.3469,-158.0858,77.61,59,4,2.55,clear sky
141,Nouadhibou,MR,20.931,-17.0347,68.65,53,100,10.67,overcast clouds
142,Mahebourg,MU,-20.4081,57.7,76.24,83,100,6.71,light rain
143,Hovd,MN,48.0056,91.6419,1.56,75,60,3.4,broken clouds
144,Bandarbeyla,SO,9.4942,50.8122,75.42,68,29,20.45,scattered clouds
145,Milan,IT,45.4643,9.1895,38.57,89,1,4.61,mist
146,Senanga,ZM,-16.1167,23.2667,67.87,93,100,3.94,overcast clouds
147,Xifeng,CN,42.7372,124.7222,12.54,79,99,5.35,overcast clouds
148,Bossangoa,CF,6.4926,17.4552,75.88,25,52,3.74,broken clouds
149,Grafton,US,42.207,-71.6856,42.15,79,100,3.0,light rain
150,Touros,BR,-5.1989,-35.4608,81.5,73,100,15.12,overcast clouds
151,Yelovo,RU,57.0538,54.9207,8.83,94,100,12.26,light snow
152,Grindavik,IS,63.8424,-22.4338,41.47,87,100,43.73,heavy intensity rain
153,Bethel,US,41.3712,-73.414,38.75,88,100,1.01,light rain
154,Lakatoro,VU,-16.0999,167.4164,84.09,73,41,3.04,scattered clouds
155,Nara,JP,34.6851,135.8049,41.97,76,38,1.01,scattered clouds
156,Louga,RU,58.7372,29.8453,22.8,97,95,1.12,overcast clouds
157,Tikapur,NP,28.5,81.1333,58.57,83,99,6.29,overcast clouds
158,Arcata,US,40.8665,-124.0828,65.19,69,0,1.01,clear sky
159,Sibolga,ID,1.7427,98.7792,74.08,90,99,3.4,overcast clouds
160,Fuyu,CN,45.1833,124.8167,-2.63,99,100,3.87,overcast clouds
161,Barranca,PE,-10.75,-77.7667,72.64,73,9,10.65,clear sky
162,Porbandar,IN,21.6422,69.6093,61.9,51,0,9.98,clear sky
163,Sur,OM,22.5667,59.5289,67.46,60,0,3.29,clear sky
164,Towada,JP,40.6127,141.2067,28.2,84,75,3.36,broken clouds
165,San Cristobal,VE,7.7669,-72.225,69.98,87,76,3.31,broken clouds
166,San Andres,CO,12.5847,-81.7006,80.62,78,20,10.36,few clouds
167,Maningrida,AU,-12.0667,134.2667,83.28,69,93,8.66,overcast clouds
168,Mana,GF,5.6592,-53.7767,75.52,84,79,6.33,broken clouds
169,Oxford,GB,51.7522,-1.256,41.63,97,0,3.44,clear sky
170,Nabire,ID,-3.3667,135.4833,77.4,86,100,0.72,overcast clouds
171,Sitka,US,57.0531,-135.33,44.49,76,100,20.71,overcast clouds
172,Cabo San Lucas,MX,22.8909,-109.9124,79.9,74,100,1.01,overcast clouds
173,Zonguldak,TR,41.25,31.8333,43.03,72,94,5.08,overcast clouds
174,Tabou,CI,4.423,-7.3528,80.1,83,75,8.52,broken clouds
175,Ponta Do Sol,PT,32.6667,-17.1,65.01,30,99,10.33,overcast clouds
176,Srednekolymsk,RU,67.45,153.6833,-15.3,98,100,5.57,overcast clouds
177,Trairi,BR,-3.2778,-39.2689,79.48,75,100,8.95,overcast clouds
178,Luena,AO,-11.7833,19.9167,62.06,97,93,3.8,light rain
179,Beirut,LB,33.8889,35.4944,59.74,48,40,17.27,scattered clouds
180,Zelenogorskiy,RU,55.0333,87.0,19.92,93,100,10.42,light snow
181,Tateyama,JP,34.9833,139.8667,48.22,79,99,19.8,overcast clouds
182,Comodoro Rivadavia,AR,-45.8667,-67.5,82.26,21,0,23.02,clear sky
183,Bonavista,CA,48.6499,-53.1147,26.11,76,46,18.43,scattered clouds
184,Te Anau,NZ,-45.4167,167.7167,68.18,66,83,3.33,broken clouds
185,Lata,PT,40.1629,-8.3327,56.71,99,100,2.82,overcast clouds
186,Faanui,PF,-16.4833,-151.75,81.37,71,59,2.77,broken clouds
187,Xuddur,SO,4.1213,43.8894,71.58,73,11,13.04,few clouds
188,Mecca,SA,21.4267,39.8261,74.28,75,1,2.06,clear sky
189,Sechura,PE,-5.5569,-80.8222,77.99,61,82,17.87,broken clouds
190,Khasan,RU,42.4308,130.6434,16.7,64,19,6.11,few clouds
191,Geraldton,AU,-28.7667,114.6,68.13,59,0,19.57,clear sky
192,Lebu,CL,-37.6167,-73.65,62.19,84,20,4.05,few clouds
193,Verkhnevilyuysk,RU,63.4453,120.3167,-31.76,98,9,3.44,clear sky
194,Houston,US,29.7633,-95.3633,73.96,69,75,10.0,broken clouds
195,Nedjo,ET,9.5046,35.5019,60.78,50,6,0.72,clear sky
196,Margate,GB,51.3813,1.3862,40.95,93,11,7.56,few clouds
197,Qaanaaq,GL,77.484,-69.3632,0.28,70,95,7.45,overcast clouds
198,Lorengau,PG,-2.0226,147.2712,82.36,76,81,8.37,broken clouds
199,Port Keats,AU,-14.25,129.55,85.28,71,46,6.71,scattered clouds
200,Bayan,CN,46.0833,127.4,-0.35,98,100,2.53,overcast clouds
201,Veraval,IN,20.9,70.3667,60.84,54,0,12.3,clear sky
202,Abu Zabad,SD,12.35,29.25,78.6,26,69,8.37,broken clouds
203,Dingle,PH,10.9995,122.6711,74.48,93,71,5.64,broken clouds
204,Kysyl-Syr,RU,63.8986,122.7617,-38.83,100,63,3.09,broken clouds
205,Okhotsk,RU,59.3833,143.3,6.71,78,100,13.85,overcast clouds
206,Port Blair,IN,11.6667,92.75,77.97,74,83,6.8,broken clouds
207,Kahului,US,20.8947,-156.47,85.26,63,0,10.36,clear sky
208,Hithadhoo,MV,-0.6,73.0833,81.3,74,31,6.71,scattered clouds
209,Arlit,NE,18.7369,7.3853,56.79,19,48,8.28,scattered clouds
210,Cayenne,GF,4.9333,-52.3333,79.09,77,0,1.01,clear sky
211,Brainerd,US,46.358,-94.2008,-2.42,82,23,9.6,few clouds
212,Naze,JP,28.3667,129.4833,58.3,75,98,11.27,overcast clouds
213,Lavrentiya,RU,65.5833,-171.0,-10.44,81,9,12.68,clear sky
214,Mount Gambier,AU,-37.8333,140.7667,73.56,45,56,6.22,broken clouds
215,Pangnirtung,CA,66.1451,-65.7125,-25.4,86,29,6.38,scattered clouds
216,Saskylakh,RU,71.9167,114.0833,6.6,92,100,10.27,overcast clouds
217,Quesnel,CA,52.9999,-122.5029,33.48,86,100,10.22,overcast clouds
218,Georgetown,MY,5.4112,100.3354,80.53,72,20,10.36,few clouds
219,Gushikawa,JP,26.3544,127.8686,63.63,88,20,4.61,few clouds
220,Prince Albert,CA,53.2001,-105.7677,-22.45,95,54,5.48,broken clouds
221,Rongcheng,CN,30.634,117.8517,43.0,90,100,0.89,overcast clouds
222,Maniitsoq,GL,65.4167,-52.9,11.68,83,100,3.42,light snow
223,Loanda,AO,-8.8368,13.2343,77.0,83,75,5.75,broken clouds
224,East London,ZA,-33.0153,27.9116,73.67,87,88,20.83,overcast clouds
225,Vanimo,PG,-2.6741,141.3028,79.16,85,93,6.46,overcast clouds
226,Terra Santa,BR,-2.1042,-56.4869,74.08,91,95,4.83,overcast clouds
227,Praia Da Vitoria,PT,38.7333,-27.0667,58.75,93,99,18.59,overcast clouds
228,Ouesso,CG,1.6136,16.0517,76.86,44,35,1.34,scattered clouds
229,Osakarovka,KZ,50.565,72.5692,-7.37,100,99,2.91,overcast clouds
230,Hervey Bay,AU,-25.2986,152.8535,84.02,69,70,4.0,broken clouds
231,Copala,MX,16.65,-98.9833,82.04,62,75,6.17,broken clouds
232,Cap Malheureux,MU,-19.9842,57.6142,76.46,88,100,4.0,overcast clouds
233,Karpathos,GR,35.507,27.2132,57.16,72,59,12.66,broken clouds
234,Avera,US,33.194,-82.5271,69.67,79,15,7.83,few clouds
235,Vardo,NO,70.3705,31.1107,19.6,77,100,13.8,overcast clouds
236,Kashi,CN,39.4547,75.9797,23.79,64,93,0.83,overcast clouds
237,Fasa,IR,28.9383,53.6482,44.47,47,0,1.74,clear sky
238,Kapoeta,SS,4.7717,33.5903,83.16,34,9,8.05,clear sky
239,Ribeira Grande,PT,38.5167,-28.7,61.27,75,100,20.38,overcast clouds
240,Grand Gaube,MU,-20.0064,57.6608,76.37,88,100,4.0,overcast clouds
241,Tuatapere,NZ,-46.1333,167.6833,66.81,79,95,1.07,overcast clouds
242,Nemuro,JP,43.3236,145.575,22.44,70,16,9.91,few clouds
243,Itarema,BR,-2.9248,-39.9167,80.19,74,100,10.78,overcast clouds
244,Walvis Bay,NA,-22.9575,14.5053,64.09,94,18,2.71,few clouds
245,Pacific Grove,US,36.6177,-121.9166,68.14,57,0,1.01,clear sky
246,Sanchor,IN,24.7553,71.7722,54.59,58,0,8.16,clear sky
247,Celestun,MX,20.8667,-90.4,81.21,66,3,15.46,clear sky
248,San Policarpo,PH,12.1791,125.5072,78.35,82,55,2.33,broken clouds
249,Umm Lajj,SA,25.0213,37.2685,74.35,58,90,17.22,overcast clouds
250,Genhe,CN,50.7833,121.5167,-21.23,99,29,2.55,scattered clouds
251,Ilulissat,GL,69.2167,-51.1,17.62,86,100,13.8,overcast clouds
252,Keetmanshoop,NA,-26.5833,18.1333,73.78,63,65,4.03,broken clouds
253,Lichinga,MZ,-13.3128,35.2406,62.35,94,98,3.13,overcast clouds
254,Baijiantan,CN,45.6333,85.1833,10.65,92,28,1.03,scattered clouds
255,Ceres,US,37.5949,-120.9577,64.49,67,0,0.0,clear sky
256,Aklavik,CA,68.2191,-135.0107,-38.61,98,9,3.87,clear sky
257,Kavieng,PG,-2.5744,150.7967,82.99,71,100,6.91,overcast clouds
258,Matara,LK,5.9485,80.5353,74.12,91,100,8.9,overcast clouds
259,Novyy Urgal,RU,51.0736,132.5642,-30.46,100,81,0.78,broken clouds
260,Miyako,JP,39.6367,141.9525,31.59,71,96,4.99,overcast clouds
261,Dunedin,NZ,-45.8742,170.5036,65.3,72,78,4.99,broken clouds
262,Ancud,CL,-41.8697,-73.8203,68.43,85,57,7.27,broken clouds
263,Dehloran,IR,32.6941,47.2679,56.93,36,36,5.03,scattered clouds
264,Lagoa,PT,39.05,-27.9833,60.03,73,100,13.78,overcast clouds
265,Tomatlan,MX,19.9333,-105.25,83.93,43,99,6.73,overcast clouds
266,Guerrero Negro,MX,27.9769,-114.0611,67.82,48,100,6.06,overcast clouds
267,Longyearbyen,SJ,78.2186,15.6401,22.84,93,75,13.8,broken clouds
268,Poronaysk,RU,49.2167,143.1167,9.45,88,100,4.97,overcast clouds
269,Flinders,AU,-34.5833,150.8552,80.19,86,80,3.0,broken clouds
270,Beloha,MG,-25.1667,45.05,74.88,77,100,10.74,overcast clouds
271,Bay Roberts,CA,47.5999,-53.2648,29.52,77,54,3.0,broken clouds
272,San Rafael,AR,-34.6177,-68.3301,95.05,17,87,9.28,overcast clouds
273,Sambava,MG,-14.2667,50.1667,74.12,91,100,5.61,overcast clouds
274,Maumere,ID,-8.6199,122.2111,80.76,77,99,4.92,overcast clouds
275,Kieta,PG,-6.2167,155.6333,84.94,71,28,10.0,scattered clouds
276,Sarangani,PH,5.4033,125.4636,81.55,79,92,15.28,overcast clouds
277,Gat,IL,31.61,34.7642,55.9,36,40,9.75,scattered clouds
278,Dubbo,AU,-32.25,148.6167,80.73,69,100,9.22,overcast clouds
279,Port Moresby,PG,-9.4431,147.1797,80.19,77,94,7.9,overcast clouds
280,Paracuru,BR,-3.41,-39.0306,82.42,77,100,9.75,overcast clouds
281,Channel-Port Aux Basques,CA,47.5702,-59.1367,32.2,98,100,27.11,light snow
282,Kibaya,TZ,-5.3,36.5667,59.38,93,100,3.94,overcast clouds
283,Yumen,CN,40.2833,97.2,17.8,66,0,6.98,clear sky
284,Hecun,CN,36.5333,114.1111,35.47,65,100,3.42,overcast clouds
285,Merauke,ID,-8.4667,140.3333,79.41,85,100,10.07,overcast clouds
286,Fallon,US,39.4735,-118.7774,48.07,45,0,9.22,clear sky
287,Acari,PE,-15.4311,-74.6158,73.24,87,99,6.44,overcast clouds
288,Petropavlovsk-Kamchatskiy,RU,53.0452,158.6483,30.79,100,100,0.0,light shower snow
289,Tahe,CN,52.3333,124.7333,-20.15,96,42,3.56,scattered clouds
290,Brownsville,US,25.9018,-97.4975,81.09,78,75,3.0,broken clouds
291,Sarai,RU,53.7458,41.0213,23.04,95,100,14.72,snow
292,Kalabo,ZM,-14.97,22.6814,67.78,92,100,5.17,overcast clouds
293,Qandala,SO,11.472,49.8728,72.93,69,5,5.48,clear sky
294,Tiksi,RU,71.6872,128.8694,-1.7,66,100,22.06,overcast clouds
295,San Jose,US,37.3394,-121.895,67.71,56,20,3.0,few clouds
296,Acapulco,MX,16.8634,-99.8901,82.22,69,75,8.05,broken clouds
297,Quimper,FR,48.0,-4.1,54.61,100,100,20.71,light intensity drizzle
298,Katsuura,JP,35.1333,140.3,49.19,81,100,21.45,overcast clouds
299,Bongor,TD,10.2806,15.3722,74.88,21,32,10.4,scattered clouds
300,Khani,GE,41.9563,42.9566,44.17,62,82,9.37,broken clouds
301,Vasylivka,UA,47.4369,35.2742,38.28,91,100,7.49,overcast clouds
302,Mikhaylovka,RU,50.06,43.2379,25.79,80,100,14.16,overcast clouds
303,Novomikhaylovskiy,RU,44.2581,38.8578,49.69,79,68,8.14,broken clouds
304,Lompoc,US,34.6391,-120.4579,70.79,67,0,9.22,clear sky
305,Teya,RU,60.3778,92.6267,23.05,96,100,5.75,light snow
306,Mount Isa,AU,-20.7333,139.5,92.97,26,54,11.5,broken clouds
307,Galle,LK,6.0367,80.217,75.13,88,100,7.23,overcast clouds
308,Bethanien,NA,-26.502,17.1583,70.75,72,16,9.28,few clouds
309,Alice Springs,AU,-23.7,133.8833,92.75,13,0,8.05,clear sky
310,San Carlos De Bariloche,AR,-41.1456,-71.3082,71.35,35,20,23.02,few clouds
311,Dukat,RU,62.55,155.55,-12.91,97,56,4.14,broken clouds
312,Khandyga,RU,62.6667,135.6,-40.9,98,89,0.49,overcast clouds
313,Vesyegonsk,RU,58.664,37.2604,11.19,98,100,1.99,overcast clouds
314,Atar,MR,20.5169,-13.0499,67.33,12,100,7.23,overcast clouds
315,Novobirilyussy,RU,56.9514,90.6661,21.87,93,100,13.49,light snow
316,Krasnorechenskiy,RU,44.6265,135.3532,-7.29,89,4,5.3,clear sky
317,Huarmey,PE,-10.0681,-78.1522,73.44,76,14,10.65,few clouds
318,Fukue,JP,32.6881,128.8419,51.28,58,39,8.57,scattered clouds
319,Wilmington,US,34.2257,-77.9447,66.11,72,0,10.36,clear sky
320,Nueva Loja,EC,0.0847,-76.8828,79.97,69,98,2.48,overcast clouds
321,Darlington,GB,54.5243,-1.5504,45.19,85,78,4.72,broken clouds
322,Sungaipenuh,ID,-2.0833,101.3833,64.62,97,99,2.21,overcast clouds
323,Rincon,US,32.296,-81.2354,71.13,79,40,11.5,scattered clouds
324,Talnakh,RU,69.4865,88.3972,-3.8,98,100,3.24,light snow
325,Najran,SA,17.4924,44.1277,57.16,33,0,1.14,clear sky
326,Itoman,JP,26.1247,127.6694,64.42,77,75,5.75,broken clouds
327,Awbari,LY,26.5921,12.7805,44.83,36,0,7.85,clear sky
328,Staraya Poltavka,RU,50.4772,46.4814,18.86,84,100,11.45,overcast clouds
329,Tortoli,IT,39.9256,9.6572,52.99,66,82,18.37,broken clouds
330,Tazovskiy,RU,67.4667,78.7,-10.43,97,100,9.8,overcast clouds
331,La Grande,US,45.3246,-118.0877,37.94,66,46,8.43,scattered clouds
332,Waddan,LY,29.1614,16.139,48.65,46,18,9.33,few clouds
333,Bubaque,GW,11.2833,-15.8333,79.68,69,96,18.54,overcast clouds
334,Kasongo-Lunda,CD,-6.4667,16.8167,70.45,97,98,0.89,overcast clouds
335,Dawlatabad,AF,36.4141,64.9053,39.56,79,19,2.44,few clouds
336,Faya,SA,18.3851,42.4509,54.12,59,3,2.91,clear sky
337,Los Algarrobos,PA,8.5,-82.4333,81.01,74,20,6.91,few clouds
338,Dengzhou,CN,37.8086,120.7508,34.66,63,100,3.33,overcast clouds
339,Tall Kayf,TR,37.0833,41.0667,50.32,58,98,15.61,overcast clouds
340,Severo-Yeniseyskiy,RU,60.3725,93.0408,19.9,96,100,6.76,light snow
341,Kavaratti,IN,10.5669,72.642,79.65,67,6,7.09,clear sky
342,Iqaluit,CA,63.7506,-68.5145,-27.31,74,0,11.01,clear sky
343,Pokrovsk,UA,48.282,37.1758,31.78,91,100,11.12,overcast clouds
344,Lodja,CD,-3.4833,23.4333,69.64,90,100,1.14,overcast clouds
345,Yunyang,CN,33.4474,112.7142,40.46,84,100,2.17,overcast clouds
346,Urucara,BR,-2.5364,-57.76,71.67,98,100,2.19,overcast clouds
347,Ust-Nera,RU,64.5667,143.2,-24.41,99,74,2.84,broken clouds
348,Port Hedland,AU,-20.3167,118.5667,82.45,83,7,0.0,clear sky
349,Dergachi,RU,51.2328,48.7659,13.86,84,100,10.69,overcast clouds
350,Wattegama,LK,6.7989,81.4808,71.73,96,100,3.69,overcast clouds
351,Coruripe,BR,-10.1256,-36.1756,79.2,80,70,13.24,broken clouds
352,Umm Kaddadah,SD,13.6017,26.6876,76.06,25,7,5.91,clear sky
353,Bilma,NE,18.6853,12.9164,52.77,24,2,12.84,clear sky
354,Port Hueneme,US,34.1478,-119.1951,76.12,28,0,9.22,clear sky
355,Axim,GH,4.8699,-2.2405,80.73,82,69,7.36,broken clouds
356,High Level,CA,58.5169,-117.136,-9.06,91,100,5.35,overcast clouds
357,Saint-Pierre,RE,-21.3393,55.4781,78.48,81,0,4.61,clear sky
358,Dongsheng,CN,39.8161,109.9776,12.52,71,37,10.63,scattered clouds
359,Parana,AR,-31.732,-60.5238,93.56,33,1,7.85,clear sky
360,Berlevag,NO,70.8578,29.0864,27.7,81,100,18.37,overcast clouds
361,Sao Francisco,BR,-15.9486,-44.8644,69.98,96,100,1.83,heavy intensity rain
362,Mwinilunga,ZM,-11.7358,24.4293,61.97,97,100,2.06,light rain
363,Qiyang,CN,26.5911,111.8474,45.12,85,100,2.55,overcast clouds
364,Bongaree,AU,-27.0797,153.1586,85.28,72,97,13.11,overcast clouds
365,Asau,RO,46.4333,26.4,37.4,99,99,3.27,overcast clouds
366,Makasar,ID,-5.14,119.4221,75.25,94,40,4.61,thunderstorm
367,Mariakani,KE,-3.8633,39.4736,72.1,94,13,4.88,few clouds
368,Narsaq,GL,60.9167,-46.05,19.62,91,100,2.98,overcast clouds
369,Sao Filipe,CV,14.8961,-24.4956,72.86,64,100,0.69,overcast clouds
370,Scottsbluff,US,41.8666,-103.6672,40.32,47,0,10.36,clear sky
371,Swellendam,ZA,-34.0226,20.4417,73.22,73,100,8.41,overcast clouds
372,Seoul,KR,37.5683,126.9778,26.04,57,73,0.2,broken clouds
373,Kalaleh,IR,37.3807,55.4916,48.74,52,0,4.76,clear sky
374,Roma,US,43.2128,-75.4557,38.66,91,100,1.01,overcast clouds
375,Flin Flon,CA,54.7682,-101.865,-12.23,86,62,10.85,broken clouds
376,Northam,GB,51.0333,-4.2167,46.09,95,100,4.43,light rain
377,Basco,PH,20.4487,121.9702,74.55,70,68,16.02,broken clouds
378,Blackfoot,US,43.1905,-112.345,31.78,90,35,5.32,scattered clouds
379,Urusha,RU,54.05,122.9,-22.34,96,54,3.24,broken clouds
380,Ostrovnoy,RU,68.0531,39.5131,26.96,66,100,19.84,light snow
381,Ha Tinh,VN,18.3333,105.9,66.85,94,97,4.52,overcast clouds
382,Kirakira,SB,-10.4544,161.9205,84.61,72,100,9.62,overcast clouds
383,Le Moule,GP,16.3332,-61.3473,77.04,69,3,19.06,clear sky
384,Chumikan,RU,54.7183,135.315,-14.84,87,92,12.77,overcast clouds
385,Syracuse,IT,37.0881,15.2792,49.37,62,55,24.96,broken clouds
386,La Asuncion,VE,11.0333,-63.8628,75.76,81,25,14.47,scattered clouds
387,Sao Gabriel Da Cachoeira,BR,-0.1303,-67.0892,74.53,93,78,1.1,broken clouds
388,Kupang,ID,-10.1667,123.5833,79.38,100,20,2.3,few clouds
389,Kalengwa,ZM,-13.4659,25.0027,64.42,97,100,2.53,overcast clouds
390,Starominskaya,RU,46.53,39.0497,36.39,85,100,12.44,light rain
391,Anshan,CN,41.1236,122.99,17.71,62,100,9.57,overcast clouds
392,Tura,IN,25.5198,90.2201,58.42,67,21,2.26,few clouds
393,Ampanihy,MG,-24.7,44.75,73.9,81,100,7.25,overcast clouds
394,Dunmore East,IE,52.1514,-6.9861,47.21,95,100,7.72,overcast clouds
395,Berbera,SO,10.4396,45.0143,73.65,75,3,6.15,clear sky
396,Necochea,AR,-38.5473,-58.7368,87.24,22,95,9.82,overcast clouds
397,Tupiza,BO,-21.45,-65.7167,61.83,65,61,8.93,broken clouds
398,Zhezkazgan,KZ,47.8043,67.7144,6.98,90,33,10.47,scattered clouds
399,Cervo,ES,43.6702,-7.4101,57.2,89,87,16.53,overcast clouds
400,Tomigusuku,JP,26.185,127.675,64.17,77,75,5.75,broken clouds
401,Mizoch,UA,50.4,26.15,29.25,87,100,5.84,overcast clouds
402,Taoudenni,ML,22.6783,-3.9836,56.91,17,42,11.83,scattered clouds
403,Kosh-Agach,RU,50.0,88.6667,-6.65,77,60,3.33,broken clouds
404,Lasa,IT,46.6166,10.7002,27.36,85,82,4.88,broken clouds
405,Tarazona,ES,41.9,-1.7333,54.81,72,100,23.35,overcast clouds
406,Hamilton,US,39.1834,-84.5333,35.64,62,0,3.0,clear sky
407,Quatre Cocos,MU,-20.2078,57.7625,76.08,80,100,8.05,light rain
408,Shimoda,JP,34.6667,138.95,47.1,78,67,13.58,broken clouds
409,Hofn,IS,64.2539,-15.2082,42.71,85,100,30.44,overcast clouds
410,Leningradskiy,RU,69.3833,178.4167,-16.8,92,38,5.1,scattered clouds
411,Mbaiki,CF,3.8678,17.9892,75.63,32,70,1.79,broken clouds
412,Campbellton,CA,48.0075,-66.6727,30.9,89,100,9.71,light snow
413,Vila Velha,BR,-20.3297,-40.2925,75.15,95,75,2.3,broken clouds
414,Obidos,BR,-1.9175,-55.5181,74.26,89,100,3.24,overcast clouds
415,Richards Bay,ZA,-28.783,32.0377,69.87,84,10,6.55,clear sky
416,Tarnobrzeg,PL,50.573,21.6794,25.97,85,64,2.86,broken clouds
417,Hopatcong,US,40.9329,-74.6593,36.28,85,100,3.0,light snow
418,New Plymouth,NZ,-39.0667,174.0833,75.06,63,100,9.8,overcast clouds
419,Pochutla,MX,15.7432,-96.4661,84.02,55,30,5.23,scattered clouds
420,Abnub,EG,27.2696,31.1511,50.22,41,66,8.81,broken clouds
421,Byron Bay,AU,-28.65,153.6167,80.71,67,14,7.38,few clouds
422,Pecos,US,31.4229,-103.4932,52.63,28,0,11.5,clear sky
423,Pingshan,CN,22.9938,114.7131,55.36,76,75,3.15,broken clouds
424,Whitley Bay,GB,55.0397,-1.4471,42.28,92,75,3.44,broken clouds
425,Masvingo,ZW,-20.0637,30.8277,63.95,73,82,3.06,broken clouds
426,Aldan,RU,58.6031,125.3894,-31.52,100,96,4.0,overcast clouds
427,Ginir,ET,7.1333,40.7,59.36,60,13,5.61,few clouds
428,La Ronge,CA,55.1001,-105.2842,-12.62,89,26,8.19,scattered clouds
429,Alyangula,AU,-13.8483,136.4192,85.42,65,54,11.92,broken clouds
430,Ambilobe,MG,-13.2,49.05,74.53,94,100,1.14,light rain
431,Tumarbong,PH,10.3766,119.4579,75.49,91,27,3.65,scattered clouds
432,Apatity,RU,67.5641,33.4031,4.01,97,91,5.28,overcast clouds
433,Karratha,AU,-20.7377,116.8463,86.07,43,0,1.03,clear sky
434,Esperance,AU,-33.8667,121.9,62.89,67,100,15.43,overcast clouds
435,Sao Joao,BR,-8.8756,-36.3667,70.14,78,100,9.62,overcast clouds
436,Dimbokro,CI,6.6451,-4.7048,79.38,72,79,5.32,broken clouds
437,Rubtsovsk,RU,51.5,81.25,2.25,98,51,7.63,broken clouds
438,Abha,SA,18.2164,42.5053,53.85,58,0,4.61,clear sky
439,Uruzgan,AF,32.8333,66.0,32.49,55,0,4.76,clear sky
440,Oyek,RU,52.5861,104.4556,-5.42,95,22,5.66,few clouds
441,Akyab,MM,20.15,92.9,64.47,78,0,6.24,clear sky
442,Chardara,KZ,41.2547,67.9692,36.93,67,100,6.73,overcast clouds
443,Tabas,IR,33.5959,56.9244,45.18,40,0,1.12,clear sky
444,Ha Giang,VN,22.8333,104.9833,59.27,99,100,2.06,overcast clouds
445,Sola,VU,-13.8833,167.55,82.67,75,100,15.14,overcast clouds
446,Coracora,PE,-15.0333,-73.7833,48.72,89,100,6.46,overcast clouds
447,Aljezur,PT,37.3191,-8.8033,50.45,91,3,6.58,clear sky
448,Shitanjing,CN,39.2342,106.3439,18.28,89,87,6.91,overcast clouds
449,Jardim,BR,-21.4803,-56.1381,75.27,78,75,4.9,broken clouds
450,Greenville,US,35.6127,-77.3663,65.28,69,0,8.05,clear sky
451,Garissa,KE,-0.4536,39.6401,78.15,73,14,7.09,few clouds
452,Calabozo,VE,8.9242,-67.4293,86.31,37,78,10.8,broken clouds
453,Kuroiso,JP,36.9667,140.05,37.4,82,100,3.98,overcast clouds
454,Eyl,SO,7.9803,49.8164,74.23,72,18,16.96,few clouds
455,Thinadhoo,MV,0.5333,72.9333,81.77,75,98,8.81,overcast clouds
456,Kenai,US,60.5544,-151.2583,14.09,48,100,24.16,overcast clouds
457,Abu Dhabi,AE,24.4667,54.3667,66.96,74,0,1.14,clear sky
458,Groa,NO,62.65,8.7167,28.49,79,2,12.88,clear sky
459,Adeje,ES,28.1227,-16.726,69.51,24,20,11.01,few clouds
460,General Roca,AR,-39.0333,-67.5833,98.62,12,0,7.09,clear sky
461,Baiyin,CN,36.5583,104.2081,14.88,71,100,1.07,overcast clouds
462,Mumbwa,ZM,-14.9783,27.0619,65.19,97,100,2.46,moderate rain
463,Kindu,CD,-2.95,25.95,71.15,98,100,1.12,light rain
464,Praia,CV,14.9215,-23.5087,72.14,78,40,10.36,scattered clouds
465,Moranbah,AU,-22.0016,148.0466,83.52,60,21,16.15,few clouds
466,Amravati,IN,20.9333,77.75,65.82,75,65,5.93,broken clouds
467,Cidreira,BR,-30.1811,-50.2056,72.64,72,32,18.54,scattered clouds
468,Batemans Bay,AU,-35.7167,150.1833,85.19,66,23,5.14,few clouds
469,Menongue,AO,-14.6585,17.691,63.37,89,100,3.31,overcast clouds
470,Kununurra,AU,-15.7667,128.7333,82.38,94,83,6.91,broken clouds
471,Manokwari,ID,-0.8667,134.0833,78.58,76,94,3.27,overcast clouds
472,Sakaiminato,JP,35.55,133.2333,40.98,93,75,3.44,broken clouds
473,Chapais,CA,49.7834,-74.8492,4.78,87,100,16.4,overcast clouds
474,Ikalamavony,MG,-21.15,46.5833,67.53,86,100,6.08,overcast clouds
475,Thunder Bay,CA,48.4001,-89.3168,-4.45,60,20,16.11,few clouds
476,Wanaka,NZ,-44.7,169.15,69.76,63,42,5.59,scattered clouds
477,Ahero,KE,-0.1746,34.9163,66.27,60,83,4.68,broken clouds
478,Presidencia Roque Saenz Pena,AR,-26.7852,-60.4388,90.79,28,41,5.53,scattered clouds
479,Lere,NG,10.387,8.5726,69.8,23,1,6.58,clear sky
480,Porto Novo,BJ,6.4965,2.6036,80.67,76,65,6.49,broken clouds
481,Bria,CF,6.5423,21.9863,79.7,30,100,2.15,overcast clouds
482,Mehamn,NO,71.0357,27.8492,28.96,78,100,17.85,light snow
483,Orotukan,RU,62.2667,151.7,-14.21,100,99,2.17,overcast clouds
484,Port Hardy,CA,50.6996,-127.4199,46.4,76,75,25.32,broken clouds
485,Isangel,VU,-19.55,169.2667,84.31,79,75,13.8,broken clouds
486,Lubango,AO,-14.9172,13.4925,62.96,59,99,0.72,overcast clouds
487,Boa Vista,BR,2.8197,-60.6733,85.98,45,40,8.05,scattered clouds
488,Henties Bay,NA,-22.116,14.2845,63.86,94,36,3.83,scattered clouds
489,Balykshi,KZ,47.0667,51.8667,24.8,93,100,17.9,mist
490,Ossora,RU,59.2353,163.0719,16.09,95,100,6.11,overcast clouds
491,Muros,ES,42.7762,-9.0603,58.08,96,99,9.04,overcast clouds
492,Acobamba,PE,-11.3525,-75.6594,55.62,87,85,5.32,overcast clouds
493,Firovo,RU,57.4814,33.7021,8.94,99,100,0.25,overcast clouds
494,Alexandria,EG,31.2156,29.9553,52.34,66,40,14.97,scattered clouds
495,Robe,AU,-37.1833,139.75,68.76,58,53,9.75,broken clouds
496,Gordeyevka,RU,52.9569,31.9703,25.45,97,100,5.66,light snow
497,Vestmannaeyjar,IS,63.4427,-20.2734,41.43,95,100,48.32,overcast clouds
498,Samus,RU,56.7475,84.6992,18.7,90,100,8.99,overcast clouds
499,Mansa,IN,29.9833,75.3833,48.54,88,0,3.31,clear sky
500,Chaman,PK,30.9236,66.4512,38.35,77,4,0.76,clear sky
501,Swan Hill,AU,-35.3378,143.5544,87.64,25,0,10.02,clear sky
502,Taltal,CL,-25.4,-70.4833,67.32,76,87,4.25,overcast clouds
503,Kerman,IR,30.2832,57.0788,26.46,86,0,0.0,clear sky
504,Caravelas,BR,-17.7125,-39.2481,75.65,90,92,7.52,overcast clouds
505,Rio Claro,BR,-22.4114,-47.5614,67.82,95,100,8.34,overcast clouds
506,Kerema,PG,-7.9631,145.7785,80.82,79,96,7.78,overcast clouds
507,Gogrial,SS,8.5332,28.1004,82.53,29,91,2.06,overcast clouds
508,Kanungu,UG,-0.9575,29.7897,63.9,71,98,3.38,overcast clouds
509,Marica,BR,-22.9194,-42.8186,69.96,92,100,7.76,overcast clouds
510,Terrasini,IT,38.146,13.0844,56.77,59,40,28.77,scattered clouds
511,Yeppoon,AU,-23.1333,150.7333,78.58,64,33,14.61,scattered clouds
512,Zhangjiakou,CN,40.81,114.8794,14.81,49,1,4.18,snow
513,Bathurst,AU,-33.4166,149.5806,78.96,72,33,1.99,scattered clouds
514,Noshiro,JP,40.2039,140.0242,31.14,74,97,1.81,overcast clouds
515,Imbituba,BR,-28.24,-48.6703,73.81,85,100,8.05,light rain
516,Constitucion,CL,-35.3333,-72.4167,64.53,76,18,8.48,few clouds
517,Deep River,CA,46.1001,-77.4995,23.43,73,73,15.5,broken clouds
518,Labuhan,ID,-6.8844,112.2051,78.64,85,100,5.1,overcast clouds
519,Nome,US,64.5011,-165.4064,5.07,51,0,29.93,clear sky
520,Darnah,LY,32.767,22.6367,56.44,63,87,20.87,overcast clouds
521,Carmen,MX,18.6333,-91.8333,86.04,58,40,5.75,scattered clouds
522,Trelew,AR,-43.249,-65.3051,70.38,47,51,14.25,broken clouds
523,Manoel Urbano,BR,-8.8389,-69.2597,75.18,97,84,3.06,broken clouds
524,Plerin,FR,48.5425,-2.7798,46.2,97,100,1.99,overcast clouds
525,Teshie,GH,5.5836,-0.1072,82.74,76,41,7.47,scattered clouds
526,Hobyo,SO,5.3505,48.5268,76.77,68,7,20.33,clear sky
527,Inta,RU,66.0317,60.1659,3.61,84,98,18.57,overcast clouds
528,Pisco,PE,-13.7,-76.2167,73.45,83,0,21.85,clear sky
529,Saint-Joseph,RE,-21.3667,55.6167,75.58,84,71,6.96,broken clouds
530,Tucuman,AR,-26.8241,-65.2226,84.2,65,75,3.44,haze
531,Ambajogai,IN,18.7333,76.3833,66.54,65,61,7.4,broken clouds
532,Macherla,IN,16.4833,79.4333,67.48,93,57,6.38,broken clouds
533,Zhifang,CN,30.35,114.3167,40.98,73,96,4.94,overcast clouds
534,Alofi,NU,-19.0595,-169.9187,84.09,70,91,9.22,overcast clouds
535,Champasak,LA,14.75,106.0,63.81,89,5,1.28,clear sky
536,Fecamp,FR,49.7579,0.3746,46.11,80,100,5.21,overcast clouds
537,Caninde,BR,-4.3589,-39.3117,78.19,69,100,3.33,overcast clouds
538,Carutapera,BR,-1.195,-46.02,75.76,91,93,1.07,very heavy rain
539,Namatanai,PG,-3.6667,152.4333,82.9,71,88,4.72,overcast clouds
540,Koslan,RU,63.4564,48.8989,11.25,95,100,5.75,light snow
541,Huadian,CN,42.9633,126.7478,-0.08,98,99,1.68,overcast clouds
542,Askino,RU,56.0901,56.5783,4.6,94,100,9.01,overcast clouds
543,Saint-Jean-De-Maurienne,FR,45.1667,6.5833,20.7,98,100,3.8,overcast clouds
544,Fandriana,MG,-20.2333,47.3833,60.42,98,100,1.95,overcast clouds
545,Tilichiki,RU,60.4667,166.1,-6.03,93,84,7.7,broken clouds
546,Ust-Ishim,RU,57.6935,71.1665,2.53,94,51,6.8,broken clouds
547,Cabra,ES,37.4725,-4.4421,49.89,83,10,1.34,clear sky
548,Komatipoort,ZA,-25.4332,31.9548,72.05,89,23,3.13,few clouds
549,Irece,BR,-11.3042,-41.8558,72.18,85,98,1.92,overcast clouds
550,Vytegra,RU,61.0064,36.4481,7.99,99,98,2.77,overcast clouds
551,Port Augusta,AU,-32.5,137.7667,92.71,21,42,12.62,scattered clouds
552,Plettenberg Bay,ZA,-34.0527,23.3716,71.42,72,100,10.78,overcast clouds
553,Itamaraca,BR,-7.7478,-34.8256,82.45,74,1,8.95,clear sky
554,Abilene,US,32.4487,-99.7331,50.49,39,0,5.01,clear sky
555,Lensk,RU,60.7253,114.9278,-26.45,95,11,2.82,few clouds
556,Mokhotlong,LS,-29.2894,29.0675,54.25,85,33,2.21,scattered clouds
557,Alibag,IN,18.6411,72.8792,64.47,55,0,10.2,clear sky
558,Tessalit,ML,20.1986,1.0114,59.38,17,72,11.59,broken clouds
559,Alihe,CN,50.5667,123.7167,-10.25,97,98,2.89,overcast clouds
560,Zyryanka,RU,65.75,150.85,-7.92,97,100,5.55,overcast clouds
561,Chimoio,MZ,-19.1164,33.4833,71.46,94,75,3.44,broken clouds
562,Brae,GB,60.3964,-1.353,44.51,76,99,22.62,overcast clouds
563,Auki,SB,-8.7676,160.7034,82.11,81,100,7.67,overcast clouds
564,Ranong,TH,9.9658,98.6348,69.73,90,48,4.97,scattered clouds
565,Atambua,ID,-9.1061,124.8925,77.38,80,68,0.67,broken clouds
566,Freetown,SL,8.484,-13.2299,79.92,78,20,6.51,few clouds
567,Puerto Escondido,MX,15.85,-97.0667,83.23,65,0,5.75,clear sky
568,Nyurba,RU,63.2842,118.3319,-26.5,96,47,5.17,scattered clouds
569,Paisley,GB,55.8317,-4.4325,40.59,96,75,1.01,mist
570,Basoda,IN,23.85,77.9333,53.15,81,8,7.11,clear sky
571,Santa Lucia,ES,27.9117,-15.5407,60.76,36,0,6.91,clear sky
572,Westport,US,41.1415,-73.3579,41.04,92,100,1.01,moderate rain
573,Chiang Khong,TH,20.2613,100.4046,59.32,86,8,1.23,clear sky
574,Itupiranga,BR,-5.1347,-49.3267,71.83,98,100,2.75,overcast clouds
575,Kezmarok,SK,49.1357,20.4335,30.67,92,0,2.3,clear sky
576,Ajaccio,FR,42.0,8.9167,44.76,76,0,8.05,clear sky
577,Calamar,CO,10.2511,-74.9146,80.55,53,89,8.93,overcast clouds
578,Baghdad,IQ,33.3406,44.4009,49.91,57,0,8.05,clear sky
579,Pullman,US,46.7313,-117.1796,36.7,66,0,11.01,clear sky
580,Ulladulla,AU,-35.35,150.4667,79.77,74,77,4.68,broken clouds
581,Newark,US,40.7357,-74.1724,41.29,89,100,8.05,mist
582,Totness,SR,5.8833,-56.3167,75.96,78,90,8.86,overcast clouds
583,Mao,ES,39.8885,4.2658,52.36,82,0,6.91,clear sky
584,Marawi,PH,7.9986,124.2928,65.64,93,75,0.92,broken clouds
585,Halifax,CA,44.6453,-63.5724,42.22,93,100,8.99,light rain
586,Wangqing,CN,43.3218,129.7634,-1.52,94,15,2.44,few clouds
587,Tezu,IN,27.9167,96.1667,62.01,49,100,3.38,overcast clouds
588,San Quintin,MX,30.4833,-115.95,64.62,54,68,8.57,broken clouds
589,Emerald,AU,-23.5333,148.1667,82.35,64,30,13.65,scattered clouds
590,Vredendal,ZA,-31.6683,18.5012,69.03,84,78,8.57,light rain
591,Komsomolskiy,UZ,40.4272,71.7189,39.92,60,75,0.0,haze
592,Huambo,AO,-12.7761,15.7392,59.2,95,100,4.36,overcast clouds
593,Puertollano,ES,38.6871,-4.1073,46.15,96,50,4.03,scattered clouds
594,La Crosse,US,43.8014,-91.2396,8.55,57,0,1.01,clear sky
595,San Buenaventura,MX,27.0833,-101.5333,72.52,40,40,17.27,scattered clouds
596,Sao Miguel Do Araguaia,BR,-13.275,-50.1628,70.47,99,100,6.93,overcast clouds
597,Barabinsk,RU,55.3571,78.357,-3.08,96,37,8.66,scattered clouds
598,Hami,CN,42.8,93.45,22.98,49,0,2.01,clear sky
599,Severnyy,RU,50.677,36.5532,30.24,100,100,6.71,mist
600,Bereda,ES,43.2686,-7.5406,53.35,100,100,5.23,overcast clouds
601,Penarroya-Pueblonuevo,ES,38.3,-5.2667,47.44,97,11,4.09,few clouds
602,Tumaco,CO,1.7986,-78.8156,78.28,81,100,6.87,overcast clouds
603,Mayumba,GA,-3.432,10.6554,76.93,94,98,4.9,overcast clouds
604,Khotiv,UA,50.3307,30.4684,31.6,99,100,4.47,light snow
605,Durazno,UY,-33.4131,-56.5006,82.81,25,0,9.33,clear sky
606,Fairbanks,US,64.8378,-147.7164,-13.0,70,0,6.91,clear sky
607,Algiers,DZ,36.7525,3.042,51.62,62,20,6.91,few clouds
608,Bento Goncalves,BR,-29.1714,-51.5192,71.19,71,82,3.94,broken clouds
609,Deputatskiy,RU,69.3,139.9,-27.65,93,12,5.53,few clouds
610,Wasilla,US,61.5814,-149.4394,15.94,45,100,34.52,overcast clouds
611,Rabaul,PG,-4.1967,152.1721,81.86,71,100,7.56,overcast clouds
612,Popondetta,PG,-8.7537,148.2534,84.78,64,97,1.83,overcast clouds
613,Dickinson,US,29.4608,-95.0513,74.03,79,100,1.01,overcast clouds
614,Lieksa,FI,63.3167,30.0167,-8.18,100,54,3.02,broken clouds
615,Bardsir,IR,29.9227,56.5743,23.05,42,0,2.13,clear sky
616,Madang,PG,-5.2246,145.7966,79.65,82,96,7.49,overcast clouds
617,Andenes,NO,69.3143,16.1194,19.38,86,40,11.5,scattered clouds
618,Saurimo,AO,-9.6608,20.3916,65.77,97,100,2.39,light rain
619,Subate,LV,56.0062,25.9076,20.01,97,64,3.47,broken clouds
620,Groningen,NL,53.25,6.75,40.03,94,20,6.91,few clouds
621,Gazanjyk,TM,39.2446,55.5154,42.69,69,0,10.67,clear sky
622,Fort Morgan,US,40.2503,-103.8,35.82,74,0,6.91,clear sky
623,Waipawa,NZ,-41.4122,175.5153,68.63,59,100,3.11,overcast clouds
624,Vao,NC,-22.6667,167.4833,77.38,81,89,23.17,overcast clouds
625,Morant Bay,JM,17.8815,-76.4093,80.22,77,87,11.54,overcast clouds
626,Salamanca,ES,40.8333,-6.0,49.78,98,100,9.93,overcast clouds
627,Hirara,JP,24.8,125.2833,67.86,77,75,14.97,broken clouds
628,Pailon,BO,-17.65,-62.75,83.88,77,53,5.84,broken clouds
629,Aripuana,BR,-9.1667,-60.6333,72.66,99,54,2.71,broken clouds
630,Maceio,BR,-9.6658,-35.7353,78.24,88,0,8.05,clear sky
631,Along,IN,28.1667,94.7667,52.65,78,94,1.59,overcast clouds
632,Punta De Piedra,VE,7.6176,-71.4916,82.11,50,99,3.62,overcast clouds
633,Cam Ranh,VN,11.9214,109.1591,75.16,78,40,6.91,scattered clouds
634,Pelym,RU,61.0108,61.9978,9.21,87,100,8.77,overcast clouds
635,Leh,IN,34.1667,77.5833,6.3,79,99,4.41,overcast clouds
636,Ramtek,IN,21.4,79.3333,65.16,93,21,5.41,few clouds
637,Valparaiso,CL,-33.0393,-71.6273,68.23,64,0,6.91,clear sky
638,Daru,PG,-9.0763,143.2092,79.23,82,100,8.79,overcast clouds
639,Marystown,CA,47.1666,-55.1483,31.86,100,97,5.01,overcast clouds
640,Saint-Louis,SN,16.3333,-15.0,77.5,12,100,6.71,overcast clouds
641,Nong Han,TH,17.3608,103.1053,68.9,73,5,3.47,clear sky
642,Port-Cartier,CA,50.0334,-66.8654,23.76,91,100,10.47,light snow
643,Grand Baie,MU,-20.0182,57.5802,76.44,88,100,3.0,overcast clouds
644,Auray,FR,47.6703,-2.9918,56.55,98,100,2.04,overcast clouds
645,Yatou,CN,37.15,122.3833,31.15,70,92,2.59,overcast clouds
646,Hudiksvall,SE,61.729,17.1036,24.03,92,100,6.55,light snow
647,Padang,ID,-0.9492,100.3543,75.25,88,100,4.72,overcast clouds
648,Llano Largo,PA,7.9,-80.4333,81.25,70,29,16.42,scattered clouds
649,Kuusamo,FI,65.9667,29.1833,-5.76,84,0,6.91,clear sky
650,Vila Franca Do Campo,PT,37.7167,-25.4333,60.19,79,84,11.41,broken clouds
651,Santa Rosa,PH,14.3122,121.1114,76.1,87,10,2.66,clear sky
652,Silopi,TR,37.2497,42.4694,51.48,43,100,5.44,overcast clouds
653,Camocim,BR,-2.9022,-40.8411,80.15,74,99,11.77,overcast clouds
654,Urla,TR,38.3229,26.764,54.21,80,100,6.33,overcast clouds
655,Gavrilovka Vtoraya,RU,52.877,42.7663,21.88,85,100,14.52,light snow
656,Ternate,ID,0.8,127.4,81.25,80,89,3.87,overcast clouds
657,Salalah,OM,17.0151,54.0924,69.89,32,0,8.05,clear sky
658,Point Pedro,LK,9.8167,80.2333,77.41,77,52,8.84,broken clouds
659,Mujiayingzi,CN,42.1167,118.7833,9.97,64,96,1.88,overcast clouds
660,Nurlat,RU,54.4277,50.8051,5.4,87,100,11.12,overcast clouds
661,Cangzhou,CN,38.3167,116.8667,32.02,69,100,6.42,overcast clouds
662,Liuzhou,CN,24.3126,109.3892,51.22,78,100,2.84,overcast clouds
663,San Luis,AR,-33.295,-66.3356,91.89,20,34,11.79,scattered clouds
664,Chapayevka,UA,47.4711,36.3451,36.55,90,100,12.59,overcast clouds
665,Sloboda,RU,51.1421,40.3021,24.46,84,100,13.4,overcast clouds
666,Arak,IR,34.0917,49.6892,37.65,50,41,1.99,scattered clouds
667,Dawan,CN,24.34,112.948,52.57,80,100,1.9,light rain
668,Kikwit,CD,-5.041,18.8162,71.33,94,100,2.1,overcast clouds
669,Bintulu,MY,3.1667,113.0333,75.61,94,40,0.0,scattered clouds
670,Palmerston,AU,-12.486,130.9833,89.92,74,75,2.3,broken clouds
671,Beziers,FR,43.3476,3.219,47.89,88,100,5.93,overcast clouds
672,Cuenca,EC,-2.8833,-78.9833,57.33,94,75,12.66,light rain
673,Warrington,GB,53.3925,-2.5802,44.98,91,0,3.0,clear sky
674,Ixtapa,MX,20.7,-105.2,76.23,78,75,8.05,broken clouds
675,Bosaso,SO,11.2842,49.1816,71.26,75,5,3.11,clear sky
676,Johi,PK,26.6921,67.6133,57.49,56,0,2.37,clear sky
677,Fatehabad,IN,29.5167,75.45,49.14,76,0,4.14,clear sky
678,Niksic,ME,42.7731,18.9445,39.07,85,87,5.44,overcast clouds
679,Kodinsk,RU,58.6881,99.1844,12.85,93,100,7.52,light snow
680,Luanda,AO,-8.8368,13.2343,77.0,83,75,5.75,broken clouds
681,Tautira,PF,-17.7333,-149.15,82.42,80,99,25.79,overcast clouds
682,Nalobikha,RU,53.2006,84.6039,9.73,94,99,12.33,overcast clouds
683,Acarau,BR,-2.8856,-40.12,80.19,74,100,11.03,overcast clouds
684,Sokoni,TZ,-6.4333,39.55,81.72,77,67,13.76,broken clouds
685,Henderson,US,36.0397,-114.9819,63.84,22,0,16.11,clear sky
686,Faruka,PK,31.8872,72.4144,48.92,90,23,4.94,few clouds
687,Bunol,ES,39.4167,-0.7833,58.93,60,79,21.81,broken clouds
688,Gueret,FR,46.1667,1.8667,41.63,97,100,2.19,light rain
689,Tondano,ID,1.3038,124.9112,68.09,80,99,1.16,overcast clouds
690,Hambantota,LK,6.1241,81.1185,75.16,89,100,9.37,light rain
691,Ariquemes,BR,-9.9133,-63.0408,73.94,97,75,3.06,broken clouds
692,Alekseyevsk,RU,57.8406,108.3492,-24.68,98,11,3.09,few clouds
693,Road Town,VG,18.4167,-64.6167,78.89,69,40,12.66,scattered clouds
694,Sussex,US,41.1834,-74.6663,36.37,78,100,9.22,snow
695,Rudnyy,KZ,52.9594,63.1206,-7.94,96,8,5.66,clear sky
696,Bonthe,SL,7.5264,-12.505,80.19,80,26,10.07,scattered clouds
697,Porto Walter,BR,-8.2686,-72.7439,73.33,97,80,4.36,light rain
698,Kirillov,RU,59.863,38.3813,11.82,98,95,3.27,overcast clouds
699,Santa Maria Del Oro,MX,25.9333,-105.3667,70.03,12,100,0.89,overcast clouds
700,Moerai,PF,-22.4333,-151.3333,80.64,74,59,6.91,broken clouds
701,Giurgita,RO,44.0167,23.6333,39.61,92,100,3.76,overcast clouds
702,Sistranda,NO,63.7256,8.834,31.96,65,0,9.4,clear sky
703,Balabac,PH,7.9868,117.0645,79.59,81,31,9.64,scattered clouds
704,Khorixas,NA,-20.3667,14.9667,64.02,50,43,3.0,scattered clouds
705,Mogok,MM,22.9167,96.5,53.19,75,0,1.95,clear sky
706,Lagos,NG,6.5833,3.75,78.21,86,21,2.57,few clouds
707,Novorzhev,RU,57.0294,29.3338,14.34,98,100,1.52,overcast clouds
708,Nova Olinda Do Norte,BR,-3.8881,-59.0942,72.23,92,97,2.89,overcast clouds
709,Baran,IN,25.1,76.5167,52.03,80,0,5.66,clear sky
710,Kosovo Polje,XK,42.6394,21.0961,35.83,91,75,5.01,broken clouds
711,Khartoum,SD,15.5518,32.5324,79.02,45,41,7.07,scattered clouds
712,Tiznit,MA,29.5833,-9.5,56.35,32,68,4.94,broken clouds
713,Mabaruma,GY,8.2,-59.7833,70.11,96,23,3.09,few clouds
